"","text","favorited","favoriteCount","replyToSN","created","truncated","replyToSID","id","replyToUID","statusSource","screenName","retweetCount","isRetweet","retweeted","longitude","latitude"
"1","The new Rasmussen Poll, one of the most accurate in the 2016 Election, just out with a Trump 50% Approval Rating.That's higher than O's #'s!",FALSE,60097,NA,2017-06-18 11:02:04,FALSE,NA,"876394578777174021",NA,"<a href=""http://twitter.com/download/iphone"" rel=""nofollow"">Twitter for iPhone</a>","realDonaldTrump",14286,FALSE,FALSE,NA,NA
"2","...massive regulation cuts, 36 new legislative bills signed, great new S.C.Justice, and Infrastructure, Healthcare and Tax Cuts in works!",FALSE,51013,NA,2017-06-18 10:46:35,FALSE,NA,"876390681056600066",NA,"<a href=""http://twitter.com/download/iphone"" rel=""nofollow"">Twitter for iPhone</a>","realDonaldTrump",11470,FALSE,FALSE,NA,NA
"3","The MAKE AMERICA GREAT AGAIN agenda is doing very well despite the distraction of the Witch Hunt. Many new jobs, high business enthusiasm,..",FALSE,59147,NA,2017-06-18 10:38:51,FALSE,NA,"876388733607694336",NA,"<a href=""http://twitter.com/download/iphone"" rel=""nofollow"">Twitter for iPhone</a>","realDonaldTrump",13595,FALSE,FALSE,NA,NA
"4","Thoughts and prayers with the sailors of USS Fitzgerald and their families. Thank you to our Japanese allies for th… https://t.co/BBvmTFxVkk",FALSE,73463,NA,2017-06-17 14:08:48,TRUE,NA,"876079184417882116",NA,"<a href=""http://twitter.com/download/iphone"" rel=""nofollow"">Twitter for iPhone</a>","realDonaldTrump",18150,FALSE,FALSE,NA,NA
"5","RT @seanhannity: #Hannity Starts in 30 minutes with @newtgingrich and my monologue on the Deep State’s allies in the media",FALSE,0,NA,2017-06-17 01:31:01,FALSE,NA,"875888479942651909",NA,"<a href=""http://twitter.com/download/iphone"" rel=""nofollow"">Twitter for iPhone</a>","realDonaldTrump",5305,TRUE,FALSE,NA,NA
"6","Back from Miami where my Cuban/American friends are very happy with what I signed today. Another campaign promise that I did not forget!",FALSE,94971,NA,2017-06-17 01:30:08,FALSE,NA,"875888258407858176",NA,"<a href=""http://twitter.com/download/iphone"" rel=""nofollow"">Twitter for iPhone</a>","realDonaldTrump",19880,FALSE,FALSE,NA,NA
"7","""National Security Presidential Memorandum on Strengthening the Policy of the United States Toward Cuba""
Memorandum… https://t.co/RVr9Dg2hXt",FALSE,38648,NA,2017-06-16 22:32:20,TRUE,NA,"875843513761583104",NA,"<a href=""http://twitter.com/download/iphone"" rel=""nofollow"">Twitter for iPhone</a>","realDonaldTrump",8600,FALSE,FALSE,NA,NA
"8","""Remarks by President Trump on the Policy of the U.S.A. Towards Cuba""
Video: https://t.co/jUWCjgxX5D
Transcript:… https://t.co/hILCHbPJet",FALSE,40835,NA,2017-06-16 22:18:54,TRUE,NA,"875840132238032897",NA,"<a href=""https://studio.twitter.com"" rel=""nofollow"">Media Studio</a>","realDonaldTrump",9706,FALSE,FALSE,NA,NA
"9","Great news! #MAGA https://t.co/pirHR7lAyT",FALSE,67730,NA,2017-06-16 15:12:27,FALSE,NA,"875732813278048256",NA,"<a href=""http://twitter.com/download/iphone"" rel=""nofollow"">Twitter for iPhone</a>","realDonaldTrump",17303,FALSE,FALSE,NA,NA
"10","I am being investigated for firing the FBI Director by the man who told me to fire the FBI Director! Witch Hunt",FALSE,146156,NA,2017-06-16 13:07:55,FALSE,NA,"875701471999864833",NA,"<a href=""http://twitter.com/download/iphone"" rel=""nofollow"">Twitter for iPhone</a>","realDonaldTrump",46403,FALSE,FALSE,NA,NA
"11","Despite the phony Witch Hunt going on in America, the economic &amp; jobs numbers are great. Regulations way down, jobs and enthusiasm way up!",FALSE,106627,NA,2017-06-16 12:54:22,FALSE,NA,"875698062030778368",NA,"<a href=""http://twitter.com/download/iphone"" rel=""nofollow"">Twitter for iPhone</a>","realDonaldTrump",23998,FALSE,FALSE,NA,NA
"12","The Fake News Media hates when I use what has turned out to be my very powerful Social Media - over 100 million people! I can go around them",FALSE,127001,NA,2017-06-16 12:23:08,FALSE,NA,"875690204564258816",NA,"<a href=""http://twitter.com/download/iphone"" rel=""nofollow"">Twitter for iPhone</a>","realDonaldTrump",27784,FALSE,FALSE,NA,NA
"13","After 7 months of investigations &amp; committee hearings about my ""collusion with the Russians,""  nobody has been able to show any proof. Sad!",FALSE,104389,NA,2017-06-16 11:53:56,FALSE,NA,"875682853585129472",NA,"<a href=""http://twitter.com/download/iphone"" rel=""nofollow"">Twitter for iPhone</a>","realDonaldTrump",24770,FALSE,FALSE,NA,NA
"14","Thank you Wisconsin! Tuesday was a great success for #WorkforceWeek at @WCTC w/ @IvankaTrump &amp; @GovWalker. 
Remarks… https://t.co/L8o396yYKX",FALSE,46791,NA,2017-06-15 21:43:14,TRUE,NA,"875468769212149760",NA,"<a href=""http://twitter.com"" rel=""nofollow"">Twitter Web Client</a>","realDonaldTrump",9076,FALSE,FALSE,NA,NA
"15","Crooked H destroyed phones w/ hammer, 'bleached' emails, &amp; had husband meet w/AG days before she was cleared- &amp; they talk about obstruction?",FALSE,149967,NA,2017-06-15 19:56:01,FALSE,NA,"875441788110110727",NA,"<a href=""http://twitter.com/download/iphone"" rel=""nofollow"">Twitter for iPhone</a>","realDonaldTrump",52866,FALSE,FALSE,NA,NA
"16","Why is that Hillary Clintons family and Dems dealings with Russia are not looked at, but my non-dealings are?",FALSE,121544,NA,2017-06-15 19:43:31,FALSE,NA,"875438639823675392",NA,"<a href=""http://twitter.com/download/iphone"" rel=""nofollow"">Twitter for iPhone</a>","realDonaldTrump",36177,FALSE,FALSE,NA,NA
"17","You are witnessing the single greatest WITCH HUNT in American political history - led by some very bad and conflicted people!  #MAGA",FALSE,119643,NA,2017-06-15 11:57:57,FALSE,NA,"875321478849363968",NA,"<a href=""http://twitter.com/download/iphone"" rel=""nofollow"">Twitter for iPhone</a>","realDonaldTrump",35044,FALSE,FALSE,NA,NA
"18","They made up a phony collusion with the Russians story, found zero proof, so now they go for obstruction of justice on the phony story. Nice",FALSE,141694,NA,2017-06-15 10:55:37,FALSE,NA,"875305788708974592",NA,"<a href=""http://twitter.com/download/iphone"" rel=""nofollow"">Twitter for iPhone</a>","realDonaldTrump",41772,FALSE,FALSE,NA,NA
"19","Just left hospital. Rep. Steve Scalise, one of the truly great people, is in very tough shape - but he is a real fighter. Pray for Steve!",FALSE,192463,NA,2017-06-15 01:41:45,FALSE,NA,"875166406417010688",NA,"<a href=""http://twitter.com/download/iphone"" rel=""nofollow"">Twitter for iPhone</a>","realDonaldTrump",41122,FALSE,FALSE,NA,NA
"20","Happy birthday to U.S. ARMY and our soldiers. Thank you for your bravery, sacrifices, &amp; dedication. Proud to be your Commander-in-Chief!",FALSE,142306,NA,2017-06-14 14:07:31,FALSE,NA,"874991696186142721",NA,"<a href=""http://twitter.com/download/iphone"" rel=""nofollow"">Twitter for iPhone</a>","realDonaldTrump",29854,FALSE,FALSE,NA,NA
"21","Rep. Steve Scalise of Louisiana, a true friend and patriot, was badly injured but will fully recover. Our thoughts and prayers are with him.",FALSE,140668,NA,2017-06-14 12:48:26,FALSE,NA,"874971795362897921",NA,"<a href=""http://twitter.com/download/iphone"" rel=""nofollow"">Twitter for iPhone</a>","realDonaldTrump",32967,FALSE,FALSE,NA,NA
"22","Just got back from Wisconsin. Great day, great people!",FALSE,84404,NA,2017-06-14 02:53:45,FALSE,NA,"874822136782880768",NA,"<a href=""http://twitter.com/download/iphone"" rel=""nofollow"">Twitter for iPhone</a>","realDonaldTrump",11802,FALSE,FALSE,NA,NA
"23","RT @TuckerCarlson: .@RichardGrenell : @realDonaldTrump told Tillerson he had the full support of the U.S. Gov't to bring #OttoWarmbier home…",FALSE,0,NA,2017-06-14 02:50:17,FALSE,NA,"874821262987730944",NA,"<a href=""http://twitter.com/download/iphone"" rel=""nofollow"">Twitter for iPhone</a>","realDonaldTrump",6817,TRUE,FALSE,NA,NA
"24","The passage of the @DeptVetAffairs Accountability and Whistleblower Protection Act is GREAT news for veterans! I lo… https://t.co/k45aci25BT",FALSE,56803,NA,2017-06-13 23:18:19,TRUE,NA,"874767922295705600",NA,"<a href=""http://twitter.com/download/iphone"" rel=""nofollow"">Twitter for iPhone</a>","realDonaldTrump",13809,FALSE,FALSE,NA,NA
"25","Just arrived in Wisconsin to discuss JOBS, JOBS, JOBS! #MAGA<ed><U+00A0><U+00BC><ed><U+00B7><U+00BA><ed><U+00A0><U+00BC><ed><U+00B7><U+00B8> https://t.co/lEJ9S817yb",FALSE,66043,NA,2017-06-13 20:41:37,FALSE,NA,"874728484475744257",NA,"<a href=""http://twitter.com/download/iphone"" rel=""nofollow"">Twitter for iPhone</a>","realDonaldTrump",12535,FALSE,FALSE,NA,NA
"26","2 million more people just dropped out of ObamaCare. It is in a death spiral. Obstructionist Democrats gave up, have no answer = resist!",FALSE,82327,NA,2017-06-13 13:56:20,FALSE,NA,"874626492310978564",NA,"<a href=""http://twitter.com/download/iphone"" rel=""nofollow"">Twitter for iPhone</a>","realDonaldTrump",21313,FALSE,FALSE,NA,NA
"27","Heading to the Great State of Wisconsin to talk about JOBS, JOBS, JOBS! Big progress being made as the Real News is reporting.",FALSE,67530,NA,2017-06-13 13:29:59,FALSE,NA,"874619861019840512",NA,"<a href=""http://twitter.com/download/iphone"" rel=""nofollow"">Twitter for iPhone</a>","realDonaldTrump",13054,FALSE,FALSE,NA,NA
"28","Fake News is at an all time high. Where is their apology to me for all of the incorrect stories???",FALSE,94822,NA,2017-06-13 12:48:44,FALSE,NA,"874609480301936640",NA,"<a href=""http://twitter.com/download/iphone"" rel=""nofollow"">Twitter for iPhone</a>","realDonaldTrump",23055,FALSE,FALSE,NA,NA
"29","A.G. Lynch made law enforcement decisions for political purposes...gave Hillary Clinton a free pass and protection. Totally illegal!",FALSE,93880,NA,2017-06-13 12:45:11,FALSE,NA,"874608587473080320",NA,"<a href=""http://twitter.com/download/iphone"" rel=""nofollow"">Twitter for iPhone</a>","realDonaldTrump",28401,FALSE,FALSE,NA,NA
"30","RT @Corrynmb: @realDonaldTrump Liberals have an agenda and it's not in America's best interest. Keep fighting the good fight! We stand with…",FALSE,0,NA,2017-06-13 12:07:36,FALSE,NA,"874599130018054145",NA,"<a href=""http://twitter.com/download/iphone"" rel=""nofollow"">Twitter for iPhone</a>","realDonaldTrump",14025,TRUE,FALSE,NA,NA
"31","Well, as predicted, the 9th Circuit did it again - Ruled against the TRAVEL BAN at such a dangerous time in the history of our country. S.C.",FALSE,66036,NA,2017-06-13 10:44:16,FALSE,NA,"874578159676665857",NA,"<a href=""http://twitter.com/download/iphone"" rel=""nofollow"">Twitter for iPhone</a>","realDonaldTrump",16914,FALSE,FALSE,NA,NA
"32","The Fake News Media has never been so wrong or so dirty. Purposely incorrect stories and phony sources to meet their agenda of hate. Sad!",FALSE,95959,NA,2017-06-13 10:35:55,FALSE,NA,"874576057579565056",NA,"<a href=""http://twitter.com/download/iphone"" rel=""nofollow"">Twitter for iPhone</a>","realDonaldTrump",24969,FALSE,FALSE,NA,NA
"33","Congratulations to the 2016 @ClemsonFB Tigers!
Full ceremony: https://t.co/syJUGoMhHJ
#NationalChampions<ed><U+00A0><U+00BC><ed><U+00BF><U+0088> https://t.co/F23NZoX2BI",FALSE,45686,NA,2017-06-13 00:09:54,FALSE,NA,"874418514240688129",NA,"<a href=""http://twitter.com"" rel=""nofollow"">Twitter Web Client</a>","realDonaldTrump",9620,FALSE,FALSE,NA,NA
"34","Finally held our first full @Cabinet meeting today. With this great team, we can restore American prosperity and br… https://t.co/b0roksHTFE",FALSE,73814,NA,2017-06-12 21:10:10,TRUE,NA,"874373283919089664",NA,"<a href=""https://ads.twitter.com"" rel=""nofollow"">Twitter Ads</a>","realDonaldTrump",16591,FALSE,FALSE,NA,NA
"35","Congratulations! 

'First New Coal Mine of Trump Era Opens in Pennsylvania' https://t.co/aIRllxNLQA",FALSE,69476,NA,2017-06-12 17:59:27,FALSE,NA,"874325287143604224",NA,"<a href=""http://twitter.com/download/iphone"" rel=""nofollow"">Twitter for iPhone</a>","realDonaldTrump",16905,FALSE,FALSE,NA,NA
"36","We will NEVER FORGET the victims who lost their lives one year ago today in the horrific #PulseNightClub shooting.… https://t.co/7lZGgDJkxZ",FALSE,89500,NA,2017-06-12 16:58:25,TRUE,NA,"874309930232184833",NA,"<a href=""http://twitter.com/download/iphone"" rel=""nofollow"">Twitter for iPhone</a>","realDonaldTrump",22729,FALSE,FALSE,NA,NA
"37","Ivanka on @foxandfriends now!",FALSE,44946,NA,2017-06-12 10:55:27,FALSE,NA,"874218586155479040",NA,"<a href=""http://twitter.com/download/iphone"" rel=""nofollow"">Twitter for iPhone</a>","realDonaldTrump",5024,FALSE,FALSE,NA,NA
"38","Great numbers on the economy. All of our work, including the passage of many bills &amp; regulation killing Executive Orders, now kicking in!",FALSE,88639,NA,2017-06-12 02:14:29,FALSE,NA,"874087477807599616",NA,"<a href=""http://twitter.com/download/iphone"" rel=""nofollow"">Twitter for iPhone</a>","realDonaldTrump",19126,FALSE,FALSE,NA,NA
"39","RT @foxandfriends: .@GeraldoRivera: Chances of impeachment went from 3% to 0% with Comey's testimony https://t.co/kfeXKdpJGe",FALSE,0,NA,2017-06-12 02:09:10,FALSE,NA,"874086142425083904",NA,"<a href=""http://twitter.com/download/iphone"" rel=""nofollow"">Twitter for iPhone</a>","realDonaldTrump",7734,TRUE,FALSE,NA,NA
"40","RT @foxandfriends: ""Yesterday's hearings provided zero evidence of collusion between our campaign and the Russians because there wasn't any…",FALSE,0,NA,2017-06-12 02:07:30,FALSE,NA,"874085723762286592",NA,"<a href=""http://twitter.com/download/iphone"" rel=""nofollow"">Twitter for iPhone</a>","realDonaldTrump",5711,TRUE,FALSE,NA,NA
"41","My daughter, Ivanka, will be on @foxandfriends tomorrow morning. Enjoy!",FALSE,59414,NA,2017-06-12 02:02:23,FALSE,NA,"874084433460154368",NA,"<a href=""http://twitter.com/download/iphone"" rel=""nofollow"">Twitter for iPhone</a>","realDonaldTrump",8572,FALSE,FALSE,NA,NA
"42","The Democrats have no message,  not on economics, not on taxes,  not on jobs, not on failing #Obamacare. They are only OBSTRUCTIONISTS!",FALSE,110950,NA,2017-06-11 12:49:00,FALSE,NA,"873884774041079808",NA,"<a href=""http://twitter.com/download/iphone"" rel=""nofollow"">Twitter for iPhone</a>","realDonaldTrump",30461,FALSE,FALSE,NA,NA
"43","I believe the James Comey leaks will be far more prevalent than anyone ever thought possible. Totally illegal? Very 'cowardly!'",FALSE,95624,NA,2017-06-11 12:29:46,FALSE,NA,"873879934040780801",NA,"<a href=""http://twitter.com/download/iphone"" rel=""nofollow"">Twitter for iPhone</a>","realDonaldTrump",24286,FALSE,FALSE,NA,NA
"44","...way up. Regulations way down. 600,000+ new jobs added. Unemployment down to 4.3%. Business and economic enthusiasm way up- record levels!",FALSE,88358,"realDonaldTrump",2017-06-11 12:23:01,FALSE,"873878061778907137","873878232264822784","25073877","<a href=""http://twitter.com/download/iphone"" rel=""nofollow"">Twitter for iPhone</a>","realDonaldTrump",18984,FALSE,FALSE,NA,NA
"45","The #FakeNews MSM doesn't report the great economic news since Election Day. #DOW up 16%. #NASDAQ up 19.5%. Drilling &amp; energy sector...",FALSE,98997,NA,2017-06-11 12:22:20,FALSE,NA,"873878061778907137",NA,"<a href=""http://twitter.com/download/iphone"" rel=""nofollow"">Twitter for iPhone</a>","realDonaldTrump",24385,FALSE,FALSE,NA,NA
"46","America is going to build again. Under budget and ahead of schedule. Time to put #AmericaFirst! #InfrastructureWeek… https://t.co/D5TbbjXcN3",FALSE,79724,NA,2017-06-10 20:52:00,TRUE,NA,"873643935993708544",NA,"<a href=""https://ads.twitter.com"" rel=""nofollow"">Twitter Ads</a>","realDonaldTrump",19750,FALSE,FALSE,NA,NA
"47","Time to start building in our country, with American workers &amp; with American iron, aluminum &amp; steel. It is time to… https://t.co/rGZCRyeCMZ",FALSE,94086,NA,2017-06-10 01:38:15,TRUE,NA,"873353586025132038",NA,"<a href=""https://ads.twitter.com"" rel=""nofollow"">Twitter Ads</a>","realDonaldTrump",21825,FALSE,FALSE,NA,NA
"48","It is time to rebuild OUR country, to bring back OUR jobs, to restore OUR dreams, &amp; yes, to put #AmericaFirst! TY O… https://t.co/2b2bXwxGkA",FALSE,91804,NA,2017-06-09 22:52:23,TRUE,NA,"873311842956914688",NA,"<a href=""http://twitter.com"" rel=""nofollow"">Twitter Web Client</a>","realDonaldTrump",21755,FALSE,FALSE,NA,NA
"49","A great honor to host and welcome leaders from around America to the @WhiteHouse Infrastructure Summit.… https://t.co/5f6cN3HboQ",FALSE,59791,NA,2017-06-09 18:48:54,TRUE,NA,"873250570508922880",NA,"<a href=""http://twitter.com"" rel=""nofollow"">Twitter Web Client</a>","realDonaldTrump",12258,FALSE,FALSE,NA,NA
"50","An honor to join the @FaithandFreedom Coalition yesterday. In America, we don't worship government. We worship God.… https://t.co/1ds8BrzUQe",FALSE,60410,NA,2017-06-09 18:28:41,TRUE,NA,"873245481488535554",NA,"<a href=""http://twitter.com"" rel=""nofollow"">Twitter Web Client</a>","realDonaldTrump",15144,FALSE,FALSE,NA,NA
"51","Yes that's why I'm not sure if we should name our puppy that too https://t.co/tpoIIwy75C",FALSE,5487,NA,2017-06-18 03:51:44,FALSE,NA,"876286280547483648",NA,"<a href=""http://twitter.com/download/iphone"" rel=""nofollow"">Twitter for iPhone</a>","KimKardashian",362,FALSE,FALSE,NA,NA
"52","It's a girl https://t.co/n8wQ4vPmqm",FALSE,3410,NA,2017-06-18 03:49:56,FALSE,NA,"876285827793297408",NA,"<a href=""http://twitter.com/download/iphone"" rel=""nofollow"">Twitter for iPhone</a>","KimKardashian",181,FALSE,FALSE,NA,NA
"53","I love Pablo the Pom! https://t.co/qFefMAh1FX",FALSE,2614,NA,2017-06-18 03:49:06,FALSE,NA,"876285618057224193",NA,"<a href=""http://twitter.com/download/iphone"" rel=""nofollow"">Twitter for iPhone</a>","KimKardashian",196,FALSE,FALSE,NA,NA
"54","Sister puppies for North &amp; P! https://t.co/AalsHGXRlZ",FALSE,51229,NA,2017-06-18 03:23:10,FALSE,NA,"876279089207824384",NA,"<a href=""http://twitter.com/download/iphone"" rel=""nofollow"">Twitter for iPhone</a>","KimKardashian",4524,FALSE,FALSE,NA,NA
"55","So North wants to name her puppy Mercy, thoughts? We need a good name!",FALSE,22914,NA,2017-06-18 03:10:13,FALSE,NA,"876275832481656834",NA,"<a href=""http://twitter.com/download/iphone"" rel=""nofollow"">Twitter for iPhone</a>","KimKardashian",1322,FALSE,FALSE,NA,NA
"56","Having fun behind the scenes with @makeupbymario at my @kkwbeauty shoot, on https://t.co/va7ys78MvF https://t.co/zd9dKRxiBl",FALSE,3906,NA,2017-06-17 20:18:42,FALSE,NA,"876172269978095616",NA,"<a href=""http://sproutsocial.com"" rel=""nofollow"">Sprout Social</a>","KimKardashian",372,FALSE,FALSE,NA,NA
"57","My Créme Contour and Highlight Kits are launching on 6.21 at 9am PST only on https://t.co/PoBZ3bhjs8 @kkwbeauty and… https://t.co/8ufLZbvJkp",FALSE,4233,NA,2017-06-17 00:21:00,TRUE,NA,"875870858463465472",NA,"<a href=""http://twitter.com/download/iphone"" rel=""nofollow"">Twitter for iPhone</a>","KimKardashian",662,FALSE,FALSE,NA,NA
"58","and the perfect brush and sponge blending tool! I love how many shades we have, and how versatile these kits are! Here are the shades...",FALSE,4232,NA,2017-06-16 23:40:49,FALSE,NA,"875860746361491456",NA,"<a href=""http://twitter.com/download/iphone"" rel=""nofollow"">Twitter for iPhone</a>","KimKardashian",360,FALSE,FALSE,NA,NA
"59","Each kit comes with a dual-ended contour stick, a dual-ended highlight stick that has a matte and shimmer highlight...",FALSE,5368,NA,2017-06-16 23:40:02,FALSE,NA,"875860549883514880",NA,"<a href=""http://twitter.com/download/iphone"" rel=""nofollow"">Twitter for iPhone</a>","KimKardashian",454,FALSE,FALSE,NA,NA
"60","I'm launching four kits... light, medium, dark and deep dark, to complement all skin tones.",FALSE,9476,NA,2017-06-16 23:37:23,FALSE,NA,"875859882846543872",NA,"<a href=""http://twitter.com/download/iphone"" rel=""nofollow"">Twitter for iPhone</a>","KimKardashian",807,FALSE,FALSE,NA,NA
"61","Just five days to go until my @kkwbeauty Crème Contour and Highlight Kits launch!",FALSE,3072,NA,2017-06-16 23:36:52,FALSE,NA,"875859755226365952",NA,"<a href=""http://twitter.com/download/iphone"" rel=""nofollow"">Twitter for iPhone</a>","KimKardashian",320,FALSE,FALSE,NA,NA
"62","Little Keeks key chain &amp; daddy $ fidget spinner https://t.co/uoidiMe0bC https://t.co/zWvYNCbk81",FALSE,2766,NA,2017-06-16 19:17:03,FALSE,NA,"875794369873199104",NA,"<a href=""http://twitter.com/download/iphone"" rel=""nofollow"">Twitter for iPhone</a>","KimKardashian",308,FALSE,FALSE,NA,NA
"63","Kimoji Daddy Drop today at 12pm https://t.co/eiJ3Tfu6zn #FathersDay https://t.co/FswP8j7pRZ",FALSE,3875,NA,2017-06-16 18:25:23,FALSE,NA,"875781365584715776",NA,"<a href=""http://twitter.com/download/iphone"" rel=""nofollow"">Twitter for iPhone</a>","KimKardashian",363,FALSE,FALSE,NA,NA
"64","RT @AKutieNameKim: Father's Day #KIMOJIs just dropped <ed><U+00A0><U+00BD><ed><U+00B8><U+008D>
Merch is also dropping at 12pm PST today!! https://t.co/aYGbhBICuG",FALSE,0,NA,2017-06-16 18:22:32,FALSE,NA,"875780648358658048",NA,"<a href=""http://twitter.com/download/iphone"" rel=""nofollow"">Twitter for iPhone</a>","KimKardashian",88,TRUE,FALSE,NA,NA
"65","RT @KimKanyeKimYeFC: PRIDE PACK NOW AVAILABLE IN VIA THE KIMOJI APP.  #Pride2017 https://t.co/WBLD9IEeU4",FALSE,0,NA,2017-06-16 18:22:26,FALSE,NA,"875780624266608640",NA,"<a href=""http://twitter.com/download/iphone"" rel=""nofollow"">Twitter for iPhone</a>","KimKardashian",97,TRUE,FALSE,NA,NA
"66","RT @KKWstan: I'm so feeling these new KIMOJI vibes. Love it @KimKardashian <ed><U+00A0><U+00BD><ed><U+00B8><U+008D>",FALSE,0,NA,2017-06-16 18:22:15,FALSE,NA,"875780576204029953",NA,"<a href=""http://twitter.com/download/iphone"" rel=""nofollow"">Twitter for iPhone</a>","KimKardashian",50,TRUE,FALSE,NA,NA
"67","RT @KimKanyeKimYeFC: NEW #FathersDay KIMOJIs AVAILABLE NOW. 
MERCH DROP TODAY @ 12PM PST. https://t.co/BNcJBPMZPi",FALSE,0,NA,2017-06-16 18:21:53,FALSE,NA,"875780486114623488",NA,"<a href=""http://twitter.com/download/iphone"" rel=""nofollow"">Twitter for iPhone</a>","KimKardashian",81,TRUE,FALSE,NA,NA
"68","RT @kuwthewests: THE DADDY’S GIRL PACK! #KIMOJI https://t.co/r0m0S57Ycv",FALSE,0,NA,2017-06-16 18:21:50,FALSE,NA,"875780474295140352",NA,"<a href=""http://twitter.com/download/iphone"" rel=""nofollow"">Twitter for iPhone</a>","KimKardashian",133,TRUE,FALSE,NA,NA
"69","My baby girl turned 4 years old today! She's my light &amp; my everything!!! I love you to the moon &amp; back North https://t.co/EWccqlIPeM",FALSE,141135,NA,2017-06-16 06:36:08,FALSE,NA,"875602876722167809",NA,"<a href=""http://twitter.com/download/iphone"" rel=""nofollow"">Twitter for iPhone</a>","KimKardashian",17971,FALSE,FALSE,NA,NA
"70","Daddy's girl Fathers Day Kimoji merch drop tomorrow https://t.co/nyQcbjBwbQ",FALSE,11259,NA,2017-06-16 04:51:08,FALSE,NA,"875576451658993664",NA,"<a href=""http://twitter.com/download/iphone"" rel=""nofollow"">Twitter for iPhone</a>","KimKardashian",729,FALSE,FALSE,NA,NA
"71",".@clairecmc <ed><U+00A0><U+00BD><ed><U+00B4><U+00A5> calling out Senators secretly moving a bill that would gut healthcare &amp; ""defund"" PP <ed><U+00A0><U+00BD><ed><U+00B1><U+008E><ed><U+00A0><U+00BC><ed><U+00BF><U+00BC>#StandWithPP https://t.co/Kfbklb9WPq",FALSE,3973,NA,2017-06-15 05:45:25,FALSE,NA,"875227725576814592",NA,"<a href=""http://twitter.com/download/iphone"" rel=""nofollow"">Twitter for iPhone</a>","KimKardashian",585,FALSE,FALSE,NA,NA
"72","#KKWBEAUTY Creme Contour &amp; Highlight Kit 6.21.17 https://t.co/PoBZ3bhjs8 https://t.co/hXLa3XHuVB",FALSE,14486,NA,2017-06-14 19:08:09,FALSE,NA,"875067351317663744",NA,"<a href=""http://twitter.com/download/iphone"" rel=""nofollow"">Twitter for iPhone</a>","KimKardashian",2835,FALSE,FALSE,NA,NA
"73","Can't wait! See you soon! https://t.co/CZ41YbxGnN",FALSE,4542,NA,2017-06-14 14:15:57,FALSE,NA,"874993817635745794",NA,"<a href=""http://twitter.com/download/iphone"" rel=""nofollow"">Twitter for iPhone</a>","KimKardashian",420,FALSE,FALSE,NA,NA
"74","This was truly the best gift ever! https://t.co/dEwpavh6HX",FALSE,4169,NA,2017-06-13 21:46:40,FALSE,NA,"874744857813807104",NA,"<a href=""http://twitter.com/download/iphone"" rel=""nofollow"">Twitter for iPhone</a>","KimKardashian",397,FALSE,FALSE,NA,NA
"75","Thank you for having me <U+2764><U+FE0F> https://t.co/e2A6YEUWs6",FALSE,4732,NA,2017-06-13 21:43:04,FALSE,NA,"874743952737538052",NA,"<a href=""http://twitter.com/download/iphone"" rel=""nofollow"">Twitter for iPhone</a>","KimKardashian",445,FALSE,FALSE,NA,NA
"76","Our 4th Annual @dashboutique Charity Ride is on 06/17 Book your bike now! https://t.co/I07Btz3q9C https://t.co/kWuH0WKGG8",FALSE,1601,NA,2017-06-13 21:02:30,FALSE,NA,"874733742958329856",NA,"<a href=""http://twitter.com/download/iphone"" rel=""nofollow"">Twitter for iPhone</a>","KimKardashian",194,FALSE,FALSE,NA,NA
"77","Can't wait! https://t.co/i8VSbEcdLG",FALSE,4632,NA,2017-06-13 18:08:47,FALSE,NA,"874690025170010113",NA,"<a href=""http://twitter.com/download/iphone"" rel=""nofollow"">Twitter for iPhone</a>","KimKardashian",427,FALSE,FALSE,NA,NA
"78","Currently. On my app now: https://t.co/INJdXa19CG https://t.co/AmF2LH6Jv9",FALSE,3690,NA,2017-06-12 17:32:43,FALSE,NA,"874318559563976709",NA,"<a href=""http://sproutsocial.com"" rel=""nofollow"">Sprout Social</a>","KimKardashian",416,FALSE,FALSE,NA,NA
"79","RT @KimKourtKhloeK: This season was an emotional rollercoaster, but as always, they came out stronger and more united than ever <U+2764><U+FE0F><U+2764><U+FE0F><U+2764><U+FE0F> #KUW…",FALSE,0,NA,2017-06-12 03:21:13,FALSE,NA,"874104273516109825",NA,"<a href=""http://twitter.com/download/iphone"" rel=""nofollow"">Twitter for iPhone</a>","KimKardashian",170,TRUE,FALSE,NA,NA
"80","RT @AKutieNameKim: 13 seasons of ups and downs, babies, weddings, and triumphs! No better family <U+2764><U+FE0F> #KUWTK #KUWTK13",FALSE,0,NA,2017-06-12 02:18:03,FALSE,NA,"874088376529321984",NA,"<a href=""http://twitter.com/download/iphone"" rel=""nofollow"">Twitter for iPhone</a>","KimKardashian",124,TRUE,FALSE,NA,NA
"81","@kyliesaturn Happy Birthday! I hope you have the best day ever!",FALSE,78,"kyliesaturn",2017-06-12 01:29:14,FALSE,"874075068397125632","874076090557382656","569525501","<a href=""http://twitter.com/download/iphone"" rel=""nofollow"">Twitter for iPhone</a>","KimKardashian",19,FALSE,FALSE,NA,NA
"82","Don't worry... we've already started season 14 <ed><U+00A0><U+00BD><ed><U+00B2><U+008B> https://t.co/EQuESQKVTF",FALSE,10172,NA,2017-06-12 01:26:48,FALSE,NA,"874075479384272896",NA,"<a href=""http://twitter.com/download/iphone"" rel=""nofollow"">Twitter for iPhone</a>","KimKardashian",1046,FALSE,FALSE,NA,NA
"83","RT @NarbehKardash: tweet and trend #WeLoveKUWTK to show love and support to the family! <U+2763><U+FE0F><U+2763><U+FE0F> @khloekardashian @KimKardashian @KrisJenner",FALSE,0,NA,2017-06-12 01:17:53,FALSE,NA,"874073237474365440",NA,"<a href=""http://twitter.com/download/iphone"" rel=""nofollow"">Twitter for iPhone</a>","KimKardashian",96,TRUE,FALSE,NA,NA
"84","RT @BigBabyJonathan: @KimKardashian You have a beautiful family keep up the good workI'm your loyal doll as well. I'm so grateful that I'm…",FALSE,0,NA,2017-06-12 01:17:11,FALSE,NA,"874073057551294464",NA,"<a href=""http://twitter.com/download/iphone"" rel=""nofollow"">Twitter for iPhone</a>","KimKardashian",67,TRUE,FALSE,NA,NA
"85","RT @PlanetKhloeK: After watching #KUWTK since 2009 ,I NEVER want this show to end.Thankyou for 13 seasons @khloekardashian @kourtneykardash…",FALSE,0,NA,2017-06-12 01:16:33,FALSE,NA,"874072899266543616",NA,"<a href=""http://twitter.com/download/iphone"" rel=""nofollow"">Twitter for iPhone</a>","KimKardashian",93,TRUE,FALSE,NA,NA
"86","RT @Aussie_Kardash: @KimKardashian Me babe !! Best season yet !!! #KUWTK",FALSE,0,NA,2017-06-12 01:16:28,FALSE,NA,"874072877926014976",NA,"<a href=""http://twitter.com/download/iphone"" rel=""nofollow"">Twitter for iPhone</a>","KimKardashian",59,TRUE,FALSE,NA,NA
"87","Who's watching the season finale on E!!!?!?!??? #KUWTK #Season13",FALSE,5558,NA,2017-06-12 01:15:57,FALSE,NA,"874072750435909632",NA,"<a href=""http://twitter.com/download/iphone"" rel=""nofollow"">Twitter for iPhone</a>","KimKardashian",524,FALSE,FALSE,NA,NA
"88","This season is super real to me. Every season is different with a diff emotion. I really love this one https://t.co/Pn84ebYg4u",FALSE,3624,NA,2017-06-11 21:23:37,FALSE,NA,"874014278365270017",NA,"<a href=""http://twitter.com/download/iphone"" rel=""nofollow"">Twitter for iPhone</a>","KimKardashian",321,FALSE,FALSE,NA,NA
"89","And we sipped a lot of tea this season #Season13 #KUWTK  #finale https://t.co/yyn4tQ82gr",FALSE,7043,NA,2017-06-11 21:17:57,FALSE,NA,"874012853719638016",NA,"<a href=""http://twitter.com/download/iphone"" rel=""nofollow"">Twitter for iPhone</a>","KimKardashian",933,FALSE,FALSE,NA,NA
"90","So many laughs this season... tune into E! tonight #Season13 #KUWTK #Finale https://t.co/rbEBnWsZjQ",FALSE,4858,NA,2017-06-11 20:57:56,FALSE,NA,"874007818092728320",NA,"<a href=""http://twitter.com/download/iphone"" rel=""nofollow"">Twitter for iPhone</a>","KimKardashian",648,FALSE,FALSE,NA,NA
"91","RT @KrisJenner: What a season it's been!! #Season13 #Finale #Tonight https://t.co/8Iz38oR7su",FALSE,0,NA,2017-06-11 20:36:37,FALSE,NA,"874002451124297729",NA,"<a href=""http://twitter.com/download/iphone"" rel=""nofollow"">Twitter for iPhone</a>","KimKardashian",963,TRUE,FALSE,NA,NA
"92","RT @turntkendalI: The Season finale of KUWTK airs tonight at 9/8c on E! Don't miss #KUWTK @kimkardashian @khloekardashian @kourtneykardash…",FALSE,0,NA,2017-06-11 20:04:35,FALSE,NA,"873994390603038720",NA,"<a href=""http://twitter.com/download/iphone"" rel=""nofollow"">Twitter for iPhone</a>","KimKardashian",56,TRUE,FALSE,NA,NA
"93","RT @AKutieNameKim: The Season finale of Keeping Up With The Kardashians airs tonight at 9/8c on E! #KUWTK <ed><U+00A0><U+00BD><ed><U+00B8><U+00AD> https://t.co/kpZwqFpHQB",FALSE,0,NA,2017-06-11 19:37:24,FALSE,NA,"873987548800065537",NA,"<a href=""http://twitter.com/download/iphone"" rel=""nofollow"">Twitter for iPhone</a>","KimKardashian",137,TRUE,FALSE,NA,NA
"94","Season 13 Finale is tomorrow! #KUWTK",FALSE,9452,NA,2017-06-11 00:28:05,FALSE,NA,"873698313475833857",NA,"<a href=""http://twitter.com/download/iphone"" rel=""nofollow"">Twitter for iPhone</a>","KimKardashian",954,FALSE,FALSE,NA,NA
"95","DASH x CH Annual Charity Ride is on June 17th, book your bike now! https://t.co/I07Btz3q9C https://t.co/u8QIp733o1",FALSE,2117,NA,2017-06-09 16:54:23,FALSE,NA,"873221751404060672",NA,"<a href=""http://twitter.com/download/iphone"" rel=""nofollow"">Twitter for iPhone</a>","KimKardashian",276,FALSE,FALSE,NA,NA
"96","Standing in long lines is tolerable iff there are people behind me.",FALSE,63,NA,2017-06-16 15:41:54,FALSE,NA,"875740223593865216",NA,"<a href=""http://twitter.com/download/iphone"" rel=""nofollow"">Twitter for iPhone</a>","KentBeck",14,FALSE,FALSE,NA,NA
"97","RT @sehurlburt: Warning Signs of Abusive Companies and People https://t.co/hkxPZq3mz8",FALSE,0,NA,2017-06-16 15:21:22,FALSE,NA,"875735056509149184",NA,"<a href=""http://twitter.com/download/iphone"" rel=""nofollow"">Twitter for iPhone</a>","KentBeck",185,TRUE,FALSE,NA,NA
"98","@ProperCloth I would like more cuff options on your short sleeved shirts. Plain is so...plain. #happycustomer",FALSE,1,"ProperCloth",2017-06-15 16:54:52,FALSE,NA,"875396197464154112","17415379","<a href=""http://twitter.com"" rel=""nofollow"">Twitter Web Client</a>","KentBeck",0,FALSE,FALSE,NA,NA
"99","@mstodd66 I don't mean to wag a finger. I was a misogynistic asshole engineer well into my 30s.",FALSE,0,"mstodd66",2017-06-14 22:44:45,FALSE,"875119633195466755","875121862660902912","41420788","<a href=""http://twitter.com"" rel=""nofollow"">Twitter Web Client</a>","KentBeck",0,FALSE,FALSE,NA,NA
"100","@mstodd66 How's that working out? (You might want, as I did, to humbly ask a few female engineers about their experience before answering.)",FALSE,1,"mstodd66",2017-06-14 22:22:24,FALSE,"875114587640799233","875116237629542400","41420788","<a href=""http://twitter.com"" rel=""nofollow"">Twitter Web Client</a>","KentBeck",0,FALSE,FALSE,NA,NA
"101","@mstodd66 The best solution I can imagine is that the abusive person not abuse. Having abused, they suffer the cons… https://t.co/kH3HJ7JqM2",FALSE,0,"mstodd66",2017-06-14 22:12:19,TRUE,"875113199162589184","875113698569854976","41420788","<a href=""http://twitter.com"" rel=""nofollow"">Twitter Web Client</a>","KentBeck",0,FALSE,FALSE,NA,NA
"102","@mstodd66 @travisk @Uber we converse on a private thread and jointly summarize when we are done",FALSE,4,"mstodd66",2017-06-14 21:53:18,FALSE,"875108432369647619","875108914420776961","41420788","<a href=""http://twitter.com"" rel=""nofollow"">Twitter Web Client</a>","KentBeck",0,FALSE,FALSE,NA,NA
"103","@mstodd66 @travisk @Uber so if someone has to put up with an abusive asshole it's their fault for staying?",FALSE,2,"mstodd66",2017-06-14 21:35:45,FALSE,"875101877146451968","875104497051156480","41420788","<a href=""http://twitter.com"" rel=""nofollow"">Twitter Web Client</a>","KentBeck",0,FALSE,FALSE,NA,NA
"104","@travisk ""we pledge on our sacred honor to investigate your reports"". how about ""the need to report will be eliminated at the source""?",FALSE,18,"KentBeck",2017-06-14 21:21:11,FALSE,"875100405910323200","875100831070076928","16891384","<a href=""http://twitter.com"" rel=""nofollow"">Twitter Web Client</a>","KentBeck",2,FALSE,FALSE,NA,NA
"105","hey @travisk, you created a shitty, abusive place for some people to work. how about saying, ""i created a shitty, abusive place...""?",FALSE,66,"KentBeck",2017-06-14 21:19:30,FALSE,"875100008009183232","875100405910323200","16891384","<a href=""http://twitter.com"" rel=""nofollow"">Twitter Web Client</a>","KentBeck",25,FALSE,FALSE,NA,NA
"106","step 4. we made a searching and fearless moral inventory. acknowledging the past is the door to a different future.",FALSE,9,"KentBeck",2017-06-14 21:17:55,FALSE,"875099636175781888","875100008009183232","16891384","<a href=""http://twitter.com"" rel=""nofollow"">Twitter Web Client</a>","KentBeck",4,FALSE,FALSE,NA,NA
"107","how many reports of sexual harassment were ignored? how many cases went unreported?",FALSE,24,"KentBeck",2017-06-14 21:16:26,FALSE,"875099274798710784","875099636175781888","16891384","<a href=""http://twitter.com"" rel=""nofollow"">Twitter Web Client</a>","KentBeck",3,FALSE,FALSE,NA,NA
"108","what's missing for me in all the Uber proclamations is any acknowledgement of what the past and present were like.",FALSE,50,NA,2017-06-14 21:15:00,FALSE,NA,"875099274798710784",NA,"<a href=""http://twitter.com"" rel=""nofollow"">Twitter Web Client</a>","KentBeck",12,FALSE,FALSE,NA,NA
"109","@marick @patrick_mc Early Smalltalkers valorized self-doubt? Nope. Some of the most justifiably confident programmers I've met.",FALSE,7,"marick",2017-06-14 06:46:36,FALSE,"874812454353723392","874880737597698048","8864512","<a href=""http://twitter.com/download/iphone"" rel=""nofollow"">Twitter for iPhone</a>","KentBeck",3,FALSE,FALSE,NA,NA
"110","@VarunJuice Everything at Uber is someone else's problem",FALSE,1,"VarunJuice",2017-06-13 17:24:52,FALSE,"874678811882774528","874678974068150274","22936120","<a href=""http://twitter.com/download/iphone"" rel=""nofollow"">Twitter for iPhone</a>","KentBeck",0,FALSE,FALSE,NA,NA
"111","@VarunJuice Also from the Bloomberg writeup: calling them ""off the cuff"" remarks is minimization. ""Inadvertently honest"", perhaps?",FALSE,0,"KentBeck",2017-06-13 17:24:10,FALSE,"874678430578597888","874678797185859584","16891384","<a href=""http://twitter.com/download/iphone"" rel=""nofollow"">Twitter for iPhone</a>","KentBeck",0,FALSE,FALSE,NA,NA
"112","@VarunJuice There is someone who could use a Costco-sized box of I Statements",FALSE,1,"VarunJuice",2017-06-13 17:22:43,FALSE,"874651330534453249","874678430578597888","22936120","<a href=""http://twitter.com/download/iphone"" rel=""nofollow"">Twitter for iPhone</a>","KentBeck",0,FALSE,FALSE,NA,NA
"113","@johanneslink ""clear""? no. tidyings are all refactorings but tend toward the smaller and less controversial. it's m… https://t.co/uMJ7kOIfiD",FALSE,1,"johanneslink",2017-06-13 15:36:40,TRUE,"874562086558474242","874651744734543873","17947950","<a href=""http://twitter.com"" rel=""nofollow"">Twitter Web Client</a>","KentBeck",1,FALSE,FALSE,NA,NA
"114","TFW they say ""over the years..."" and they mean ""3"" :(",FALSE,31,NA,2017-06-12 23:10:20,FALSE,NA,"874403523449860096",NA,"<a href=""http://twitter.com"" rel=""nofollow"">Twitter Web Client</a>","KentBeck",4,FALSE,FALSE,NA,NA
"115","Wish I was there https://t.co/j3T8uFgp8Z",FALSE,6,NA,2017-06-12 14:51:05,FALSE,NA,"874277883681808384",NA,"<a href=""http://twitter.com/download/iphone"" rel=""nofollow"">Twitter for iPhone</a>","KentBeck",0,FALSE,FALSE,NA,NA
"116","@nitsanw You win today's interwebs",FALSE,2,"nitsanw",2017-06-12 14:50:14,FALSE,"874199586948173824","874277669575114752","1022008639","<a href=""http://twitter.com/download/iphone"" rel=""nofollow"">Twitter for iPhone</a>","KentBeck",0,FALSE,FALSE,NA,NA
"117","If you wonder why I'm so high on African developers, @nadayar offers a clear, compelling, and personal perspective https://t.co/EMlMO3UGbZ",FALSE,37,NA,2017-06-12 14:47:55,FALSE,NA,"874277085346267136",NA,"<a href=""http://twitter.com/download/iphone"" rel=""nofollow"">Twitter for iPhone</a>","KentBeck",17,FALSE,FALSE,NA,NA
"118","@agileklzkittens @facebook How did you guess?",FALSE,1,"agileklzkittens",2017-06-11 21:11:03,FALSE,"873688834017505281","874011119609724928","4377156382","<a href=""http://twitter.com"" rel=""nofollow"">Twitter Web Client</a>","KentBeck",0,FALSE,FALSE,NA,NA
"119","RT @chicgeek: DELETE DEAD CODE.
Don't leave it for someone else.
Don't comment it out.
We use version control.
Just bin it.

Via @saleandro…",FALSE,0,NA,2017-06-09 22:49:33,FALSE,NA,"873311130415898625",NA,"<a href=""http://twitter.com/download/iphone"" rel=""nofollow"">Twitter for iPhone</a>","KentBeck",759,TRUE,FALSE,NA,NA
"120","Happy Father’s Day, Dad! Thank you for making me into the man I am today. https://t.co/aOgOPOmuAK",FALSE,18634,NA,2017-06-18 12:32:01,FALSE,NA,"876417214064283648",NA,"<a href=""https://www.sprinklr.com"" rel=""nofollow"">Sprinklr</a>","BillGates",3141,FALSE,FALSE,NA,NA
"121","Because of groups like @Rotary, more than 16M people are walking today who would have been paralyzed by polio. https://t.co/i6HjSU3axW",FALSE,5512,NA,2017-06-17 15:44:00,FALSE,NA,"876103139375579137",NA,"<a href=""https://www.sprinklr.com"" rel=""nofollow"">Sprinklr</a>","BillGates",1355,FALSE,FALSE,NA,NA
"122","By making it easier to send and receive money, M-Pesa is transforming the daily lives of people in Kenya. https://t.co/RSZ9CY5HKe",FALSE,2990,NA,2017-06-16 12:08:00,FALSE,NA,"875686393330225152",NA,"<a href=""https://www.sprinklr.com"" rel=""nofollow"">Sprinklr</a>","BillGates",848,FALSE,FALSE,NA,NA
"123","Chuck Thacker was an inspired visionary. Today’s computing would not have been possible without his efforts... https://t.co/jRkW4HjDXX",FALSE,2020,NA,2017-06-15 21:50:00,FALSE,NA,"875470472955260928",NA,"<a href=""https://www.sprinklr.com"" rel=""nofollow"">Sprinklr</a>","BillGates",518,FALSE,FALSE,NA,NA
"124","In 1988, there were 40 new polio cases an hour. In 2016, there were just 40 cases. Here's how we get to zero:… https://t.co/o0yEdmqeKk",FALSE,7827,NA,2017-06-15 15:01:01,TRUE,NA,"875367549457879042",NA,"<a href=""https://www.sprinklr.com"" rel=""nofollow"">Sprinklr</a>","BillGates",2742,FALSE,FALSE,NA,NA
"125","An important assessment: The world will be less safe if the U.S. stops helping other countries. https://t.co/hE8Fzy2zbc",FALSE,4331,NA,2017-06-13 23:17:00,FALSE,NA,"874767589184090112",NA,"<a href=""https://www.sprinklr.com"" rel=""nofollow"">Sprinklr</a>","BillGates",1389,FALSE,FALSE,NA,NA
"126","Polio should be scared…@JohnCena and I tag teamed the @TODAYshow to discuss the fight to end polio:… https://t.co/upHfIWPbt3",FALSE,3067,NA,2017-06-13 20:02:08,TRUE,NA,"874718551000657921",NA,"<a href=""https://www.sprinklr.com"" rel=""nofollow"">Sprinklr</a>","BillGates",555,FALSE,FALSE,NA,NA
"127","Incredible news: The UAE has made a $30M commitment to end polio for good. https://t.co/doYXikuisr",FALSE,9193,NA,2017-06-12 16:31:58,FALSE,NA,"874303271862550528",NA,"<a href=""http://www.twitter.com"" rel=""nofollow"">Twitter for Windows</a>","BillGates",2490,FALSE,FALSE,NA,NA
"128","Every spring I visit Omaha, Nebraska to catch up with my friend @WarrenBuffett: https://t.co/GGuzYNfoQR https://t.co/CITAu4qYJm",FALSE,7722,NA,2017-06-10 14:06:01,FALSE,NA,"873541766212988929",NA,"<a href=""https://www.sprinklr.com"" rel=""nofollow"">Sprinklr</a>","BillGates",1065,FALSE,FALSE,NA,NA
"129","Moving story by @rajpanjabi. He's bringing health care to people “too hard to reach and too difficult to serve.”

https://t.co/14t2WKSTTl",FALSE,3788,NA,2017-06-09 16:47:29,FALSE,NA,"873220014354182151",NA,"<a href=""https://www.sprinklr.com"" rel=""nofollow"">Sprinklr</a>","BillGates",1000,FALSE,FALSE,NA,NA
"130","HOPE YOU'RE HAVING A BALL THIS SATURDAY <ed><U+00A0><U+00BD><ed><U+00B2><U+0081><ed><U+00A0><U+00BC><ed><U+00BF><U+00BC><ed><U+00A0><U+00BC><ed><U+00BF><U+0093> https://t.co/eHIDuEc3re",FALSE,9886,NA,2017-06-17 23:44:09,FALSE,NA,"876223973545041920",NA,"<a href=""http://twitter.com/download/iphone"" rel=""nofollow"">Twitter for iPhone</a>","katyperry",2041,FALSE,FALSE,NA,NA
"131","When one pop up ends, another begins! This time it's Tokyo's turn! Check out the @kpcollections pop up at Laforet H… https://t.co/e2xKVEfdp0",FALSE,8901,NA,2017-06-17 03:09:03,TRUE,NA,"875913152931799041",NA,"<a href=""http://twitter.com/download/iphone"" rel=""nofollow"">Twitter for iPhone</a>","katyperry",1732,FALSE,FALSE,NA,NA
"132","LAST 4 HRS <U+2757><U+FE0F>See #KPWWW HQ and get a last look at exclusive merch before it closes at 8:00 PM <U+2757><U+FE0F>-TeamKP https://t.co/NhoNPfYyhX",FALSE,6085,NA,2017-06-16 23:19:44,FALSE,NA,"875855441535746049",NA,"<a href=""http://twitter.com"" rel=""nofollow"">Twitter Web Client</a>","katyperry",1108,FALSE,FALSE,NA,NA
"133","RT @kaylaschmitz3: Trying to keep my cool at #KPWWW @katyperry https://t.co/OdQz3B4rJi",FALSE,0,NA,2017-06-16 21:32:56,FALSE,NA,"875828566373441536",NA,"<a href=""http://twitter.com"" rel=""nofollow"">Twitter Web Client</a>","katyperry",293,TRUE,FALSE,NA,NA
"134","RT @paulboy: @katyperry Call me nugget because I will always protect you when left shark comes to wake you up! Woof! <ed><U+00A0><U+00BD><ed><U+00B0><U+00B6> #kpwww last day <U+2764><U+FE0F> h…",FALSE,0,NA,2017-06-16 21:32:39,FALSE,NA,"875828494768283648",NA,"<a href=""http://twitter.com"" rel=""nofollow"">Twitter Web Client</a>","katyperry",275,TRUE,FALSE,NA,NA
"135","RT @TweenDream: #KPWWW So gorgeous getting to experience this in person <ed><U+00A0><U+00BD><ed><U+00B2><U+0098> Thanks for the merchandise and great album @katyperry <ed><U+00A0><U+00BD><ed><U+00B2><U+0096><ed><U+00A0><U+00BD><ed><U+00B2><U+009E> https://…",FALSE,0,NA,2017-06-16 21:32:13,FALSE,NA,"875828382298021888",NA,"<a href=""http://twitter.com"" rel=""nofollow"">Twitter Web Client</a>","katyperry",258,TRUE,FALSE,NA,NA
"136","RT @johnlordperry: I AM READY TO DRINK WITH THIS CUPS #KPWWW @katyperry https://t.co/aZjxRcOk1V",FALSE,0,NA,2017-06-16 20:38:34,FALSE,NA,"875814881357774848",NA,"<a href=""http://twitter.com"" rel=""nofollow"">Twitter Web Client</a>","katyperry",347,TRUE,FALSE,NA,NA
"137","RT @Favian_Flores: @katyperry made it before it all ends.. new music #feels as well <ed><U+00A0><U+00BD><ed><U+00B8><U+008D>#KPWWW #POPIT #WITNESS https://t.co/wLlK6za8ED",FALSE,0,NA,2017-06-16 20:38:24,FALSE,NA,"875814839481884672",NA,"<a href=""http://twitter.com"" rel=""nofollow"">Twitter Web Client</a>","katyperry",299,TRUE,FALSE,NA,NA
"138","RT @johnlordperry: THIS ART IS EVERYTHING @katyperry #KPWWW https://t.co/VSwENDhHv4",FALSE,0,NA,2017-06-16 20:38:17,FALSE,NA,"875814812336308224",NA,"<a href=""http://twitter.com"" rel=""nofollow"">Twitter Web Client</a>","katyperry",325,TRUE,FALSE,NA,NA
"139","RT @alechuerta: intently listening to @AwkwardAya spill some tea at @katyperry HQ #KPWWW https://t.co/IKNhinV4MX",FALSE,0,NA,2017-06-16 20:37:54,FALSE,NA,"875814715066269696",NA,"<a href=""http://twitter.com"" rel=""nofollow"">Twitter Web Client</a>","katyperry",241,TRUE,FALSE,NA,NA
"140","RT @viva_la_eva_: @katyperry please set the queen @AwkwardAya free #KPWWW https://t.co/Hy3iBWa9Ip",FALSE,0,NA,2017-06-16 20:36:32,FALSE,NA,"875814369908674561",NA,"<a href=""http://twitter.com"" rel=""nofollow"">Twitter Web Client</a>","katyperry",229,TRUE,FALSE,NA,NA
"141","RT @katycatdevin: just chilling in katy's bed, NO BIGGIE! <ed><U+00A0><U+00BD><ed><U+00B8><U+00AD> #KPWWW @katyperry https://t.co/R2gjCEy0cF",FALSE,0,NA,2017-06-16 20:36:18,FALSE,NA,"875814310907232257",NA,"<a href=""http://twitter.com"" rel=""nofollow"">Twitter Web Client</a>","katyperry",237,TRUE,FALSE,NA,NA
"142","Today is the LAST DAY you can visit the #KPWWW HQ and get exclusive merch! Open now til 8pm @kimsingtheatre! -TeamKP https://t.co/fNIxUgpk9t",FALSE,7664,NA,2017-06-16 20:08:40,FALSE,NA,"875807357258743808",NA,"<a href=""http://twitter.com/download/iphone"" rel=""nofollow"">Twitter for iPhone</a>","katyperry",1515,FALSE,FALSE,NA,NA
"143","Thank you, @Twitter, for always giving me an opportunity to have a voice! #LoveKaty https://t.co/Lpc1DSk4Kw",FALSE,20002,NA,2017-06-16 18:50:18,FALSE,NA,"875787638199828480",NA,"<a href=""http://twitter.com/download/iphone"" rel=""nofollow"">Twitter for iPhone</a>","katyperry",6454,FALSE,FALSE,NA,NA
"144","Grand Rapids! Your Witness: The Tour tickets are available now, who's in? -TeamKP https://t.co/OU0q8WBFUu https://t.co/c377eDMgCh",FALSE,8081,NA,2017-06-16 16:04:35,FALSE,NA,"875745930829377536",NA,"<a href=""http://twitter.com/download/iphone"" rel=""nofollow"">Twitter for iPhone</a>","katyperry",1544,FALSE,FALSE,NA,NA
"145","Buffalo, Charlotte, Quebec City &amp; Kansas City! Witness: The Tour tickets at all price levels on sale now:… https://t.co/qKAONZV5xt",FALSE,7630,NA,2017-06-16 14:02:24,TRUE,NA,"875715184085483520",NA,"<a href=""http://twitter.com/download/iphone"" rel=""nofollow"">Twitter for iPhone</a>","katyperry",1442,FALSE,FALSE,NA,NA
"146","Catch em! FEELS by @CalvinHarris with @Pharrell @BigSean and your little bird <ed><U+00A0><U+00BD><ed><U+00B9><U+008B><ed><U+00A0><U+00BC><ed><U+00BF><U+00BC><U+2764><U+FE0F><ed><U+00A0><U+00BD><ed><U+00B8><U+008E> https://t.co/85bvRKvsBH <ed><U+00A0><U+00BC><ed><U+00BE><U+0089>OUT NO… https://t.co/LoOIWMXrXX",FALSE,12230,NA,2017-06-16 04:12:18,TRUE,NA,"875566680256073729",NA,"<a href=""http://twitter.com/download/iphone"" rel=""nofollow"">Twitter for iPhone</a>","katyperry",4255,FALSE,FALSE,NA,NA
"147","That's a wrap on day 2! Tomorrow is your LAST CHANCE to check out #KPWWW HQ and get exclusive merch! 12p-8p @KimSingTheatre -TeamKP",FALSE,5469,NA,2017-06-16 03:15:11,FALSE,NA,"875552305222778880",NA,"<a href=""http://twitter.com/download/iphone"" rel=""nofollow"">Twitter for iPhone</a>","katyperry",1011,FALSE,FALSE,NA,NA
"148","RT @kimsingtheatre: Thank you @THR on a great write up on our space and time housing @katyperry   #KPWWW https://t.co/xApMvpaq30",FALSE,0,NA,2017-06-16 00:27:35,FALSE,NA,"875510126794350593",NA,"<a href=""http://twitter.com"" rel=""nofollow"">Twitter Web Client</a>","katyperry",522,TRUE,FALSE,NA,NA
"149","RT @CapitolRecords: <ed><U+00A0><U+00BD><ed><U+00B1><U+0081> We out here! <ed><U+00A0><U+00BD><ed><U+00B1><U+0081>
<ed><U+00A0><U+00BD><ed><U+00B3><U+00B8> #Witness HQ <ed><U+00A0><U+00BD><ed><U+00B3><U+00B8>
@katyperry #KPWWW https://t.co/QLRhItkU6C",FALSE,0,NA,2017-06-16 00:12:06,FALSE,NA,"875506234094309376",NA,"<a href=""http://twitter.com"" rel=""nofollow"">Twitter Web Client</a>","katyperry",693,TRUE,FALSE,NA,NA
"150","RT @sammobrien: experienced the magic of #KPWWW &amp; made myself right at home <ed><U+00A0><U+00BD><ed><U+00B2><U+0081><ed><U+00A0><U+00BC><ed><U+00BF><U+00BC><U+2728> so excited for what's to come this era #witness https://t.c…",FALSE,0,NA,2017-06-15 23:30:01,FALSE,NA,"875495642445041666",NA,"<a href=""http://twitter.com"" rel=""nofollow"">Twitter Web Client</a>","katyperry",343,TRUE,FALSE,NA,NA
"151","RT @TurntPrincess_: just had the most amazing time thanks to @katyperry &amp; #KPWWW can't wait to be a #witness in november!! Thanks for being…",FALSE,0,NA,2017-06-15 23:29:53,FALSE,NA,"875495609502801921",NA,"<a href=""http://twitter.com"" rel=""nofollow"">Twitter Web Client</a>","katyperry",262,TRUE,FALSE,NA,NA
"152","RT @TheBoiledPnuts: Working the @katyperry pop up has me turned into a katycat for 9 lives #kpwww https://t.co/ob1efJkJZl",FALSE,0,NA,2017-06-15 23:29:45,FALSE,NA,"875495572970414080",NA,"<a href=""http://twitter.com"" rel=""nofollow"">Twitter Web Client</a>","katyperry",247,TRUE,FALSE,NA,NA
"153","RT @Krystan_Brooks: Come play with all the Katy cats and WITNESS surprise merch at the @katyperry pop up store <ed><U+00A0><U+00BD><ed><U+00B8><U+00BB><ed><U+00A0><U+00BD><ed><U+00B8><U+00BB> #KPWWW https://t.co/FN97d…",FALSE,0,NA,2017-06-15 22:24:04,FALSE,NA,"875479044552138752",NA,"<a href=""http://twitter.com"" rel=""nofollow"">Twitter Web Client</a>","katyperry",255,TRUE,FALSE,NA,NA
"154","RT @hrhjesus: We couldn't wait to #witness @KatyPerry on tour so we had to come get a little preview at #KPWWW HQ <ed><U+00A0><U+00BD><ed><U+00B1><U+0081><ed><U+00A0><U+00BD><ed><U+00B2><U+0095> https://t.co/MiAf1cwZn0",FALSE,0,NA,2017-06-15 22:23:49,FALSE,NA,"875478979917959168",NA,"<a href=""http://twitter.com"" rel=""nofollow"">Twitter Web Client</a>","katyperry",258,TRUE,FALSE,NA,NA
"155","RT @KatycatTeagan: @katyperry I'm living for this merch <ed><U+00A0><U+00BD><ed><U+00B8><U+008D> will it be available at #Witness tour? #KPWWW https://t.co/uuiiPzvVQr",FALSE,0,NA,2017-06-15 21:58:03,FALSE,NA,"875472498422300672",NA,"<a href=""http://twitter.com"" rel=""nofollow"">Twitter Web Client</a>","katyperry",330,TRUE,FALSE,NA,NA
"156","RT @yittledez: Drove 226 miles. IM HERE. <ed><U+00A0><U+00BD><ed><U+00B8><U+008D> @katyperry #KatyPerry #KatyCats #WITNESS #KPWWW @AwkwardAya @CapitolRecords https://t.co/YPoSL3N…",FALSE,0,NA,2017-06-15 20:23:46,FALSE,NA,"875448768241451008",NA,"<a href=""http://twitter.com"" rel=""nofollow"">Twitter Web Client</a>","katyperry",369,TRUE,FALSE,NA,NA
"157","RT @deIreyperry: I'M HERE #KPWWW #Witness @katyperry https://t.co/OfDg1BtbUN",FALSE,0,NA,2017-06-15 20:22:24,FALSE,NA,"875448424169996288",NA,"<a href=""http://twitter.com"" rel=""nofollow"">Twitter Web Client</a>","katyperry",310,TRUE,FALSE,NA,NA
"158","RT @alechuerta: .@katyperry I had to bling out my Bon Appétit hat with my new pins from the pop up! #KPWWW https://t.co/6x7TOv4BwN",FALSE,0,NA,2017-06-15 20:22:06,FALSE,NA,"875448348739686401",NA,"<a href=""http://twitter.com"" rel=""nofollow"">Twitter Web Client</a>","katyperry",372,TRUE,FALSE,NA,NA
"159","RT @deIreyperry: I wanna move here!!!#KPWWW #Witness @katyperry https://t.co/ld6jzxup6V",FALSE,0,NA,2017-06-15 20:21:40,FALSE,NA,"875448243596820481",NA,"<a href=""http://twitter.com"" rel=""nofollow"">Twitter Web Client</a>","katyperry",249,TRUE,FALSE,NA,NA
"160","RT @almostanart: @AwkwardAya thanks for being so nice and talking to me!! #KPWWW @katyperry https://t.co/I8cv7Hw3RU",FALSE,0,NA,2017-06-15 20:21:14,FALSE,NA,"875448134054195200",NA,"<a href=""http://twitter.com"" rel=""nofollow"">Twitter Web Client</a>","katyperry",244,TRUE,FALSE,NA,NA
"161","RT @x_lauren4_x: Had so much fun #KPWWW ... Thank You @AwkwardAya for taking a pic with me... <ed><U+00A0><U+00BD><ed><U+00B8><U+0098><ed><U+00A0><U+00BD><ed><U+00B2><U+0096> @katyperry https://t.co/6Br8Yjre03",FALSE,0,NA,2017-06-15 20:20:17,FALSE,NA,"875447891795468288",NA,"<a href=""http://twitter.com"" rel=""nofollow"">Twitter Web Client</a>","katyperry",244,TRUE,FALSE,NA,NA
"162","Couldn't have done it without all of the fantastic ppl that came over to help start conversations... I am grateful… https://t.co/S7BrNg89My",FALSE,9909,NA,2017-06-15 18:35:52,TRUE,NA,"875421616418594816",NA,"<a href=""http://twitter.com/download/iphone"" rel=""nofollow"">Twitter for iPhone</a>","katyperry",2357,FALSE,FALSE,NA,NA
"163","Visit the pop-up store and see #KPWWW HQ @kimsingtheatre (718 N Figueroa St, Los Angeles, CA 90012) today &amp; tomorro… https://t.co/Dxjqx7xPaM",FALSE,4391,NA,2017-06-15 18:29:07,TRUE,NA,"875419917763305473",NA,"<a href=""http://twitter.com/download/iphone"" rel=""nofollow"">Twitter for iPhone</a>","katyperry",932,FALSE,FALSE,NA,NA
"164","AS SEEN ON #KPWWW: your chance to #WitnessTheTour up close and personal by supporting the @LynchFoundation… https://t.co/n9MdS6zuCf",FALSE,6042,NA,2017-06-15 16:14:15,TRUE,NA,"875385976062754816",NA,"<a href=""http://twitter.com/download/iphone"" rel=""nofollow"">Twitter for iPhone</a>","katyperry",1515,FALSE,FALSE,NA,NA
"165","All the music, all the fun, all the witnessing x2! Paris &amp; Amsterdam, tix for new shows available now <ed><U+00A0><U+00BC><ed><U+00B7><U+00AB><ed><U+00A0><U+00BC><ed><U+00B7><U+00B7><U+2764><U+FE0F><ed><U+00A0><U+00BC><ed><U+00B7><U+00B3><ed><U+00A0><U+00BC><ed><U+00B7><U+00B1>… https://t.co/bsRTRuYH7F",FALSE,7241,NA,2017-06-15 08:03:16,TRUE,NA,"875262418892472320",NA,"<a href=""http://twitter.com/download/iphone"" rel=""nofollow"">Twitter for iPhone</a>","katyperry",1425,FALSE,FALSE,NA,NA
"166","Took the fam to see #wonderwoman after dad's 70th birthday dinner. LOVE what this film stands… https://t.co/Sg3BVORzTJ",FALSE,6225,NA,2017-06-15 06:20:44,FALSE,NA,"875236612518629376",NA,"<a href=""http://instagram.com"" rel=""nofollow"">Instagram</a>","katyperry",1305,FALSE,FALSE,NA,NA
"167","#KPWWW HQ will now be open from 12p-8p tomorrow through Friday! Come by for exclusive merch &amp; fun surprises! -TeamKP https://t.co/fcTEs3qMd9",FALSE,5007,NA,2017-06-15 05:17:42,FALSE,NA,"875220749056786433",NA,"<a href=""http://twitter.com/download/iphone"" rel=""nofollow"">Twitter for iPhone</a>","katyperry",984,FALSE,FALSE,NA,NA
"168","RT @andynishan: Thank you @katyperry for being vulnerable and letting us #WITNESS you. <U+2764><U+FE0F> #KPWWW  #intomeyousee  https://t.co/YsO4oSmUPm ht…",FALSE,0,NA,2017-06-15 01:05:43,FALSE,NA,"875157336343552000",NA,"<a href=""http://twitter.com"" rel=""nofollow"">Twitter Web Client</a>","katyperry",421,TRUE,FALSE,NA,NA
"169","RT @viva_la_eva_: @katyperry I tried to draw Nugget in your autograph book thing #KPWWW https://t.co/g09ZH6wnoy",FALSE,0,NA,2017-06-15 00:45:02,FALSE,NA,"875152133221343233",NA,"<a href=""http://twitter.com"" rel=""nofollow"">Twitter Web Client</a>","katyperry",387,TRUE,FALSE,NA,NA
"170","RT @michaelantny: Still waiting for a cut ms. @katyperry! #kpwww #witness https://t.co/DmXosgj8SB",FALSE,0,NA,2017-06-15 00:40:10,FALSE,NA,"875150907230502912",NA,"<a href=""http://twitter.com"" rel=""nofollow"">Twitter Web Client</a>","katyperry",301,TRUE,FALSE,NA,NA
"171","RT @melisfoulks: Just spent all my moneys at the @katyperry #KPWWW HQ pop up shop &amp; I ain't sorry. Anything for my girl! #WITNESS <ed><U+00A0><U+00BD><ed><U+00B2><U+0095> https:/…",FALSE,0,NA,2017-06-15 00:38:50,FALSE,NA,"875150571459575808",NA,"<a href=""http://twitter.com"" rel=""nofollow"">Twitter Web Client</a>","katyperry",429,TRUE,FALSE,NA,NA
"172","RT @evrenperry: I was about to save this as a draft but hit tweet instead <ed><U+00A0><U+00BE><ed><U+00B4><U+00B7><ed><U+00A0><U+00BC><ed><U+00BF><U+00BB><U+200D><U+2642><U+FE0F> OBSESSED with the merch! #KPWWW @katyperry https://t.co/ewW…",FALSE,0,NA,2017-06-15 00:23:18,FALSE,NA,"875146661726531584",NA,"<a href=""http://twitter.com"" rel=""nofollow"">Twitter Web Client</a>","katyperry",302,TRUE,FALSE,NA,NA
"173","RT @idkISAAC: No wonder @katyperry slept so well!! #kpwww #Witness https://t.co/IfHLzazzrP",FALSE,0,NA,2017-06-15 00:21:59,FALSE,NA,"875146330489761792",NA,"<a href=""http://twitter.com"" rel=""nofollow"">Twitter Web Client</a>","katyperry",318,TRUE,FALSE,NA,NA
"174","If you had to pick one which would you rather:",FALSE,6959,NA,2017-06-14 23:47:53,FALSE,NA,"875137748134281216",NA,"<a href=""http://twitter.com/download/iphone"" rel=""nofollow"">Twitter for iPhone</a>","katyperry",2251,FALSE,FALSE,NA,NA
"175","RT @soniaaperry: @katyperry the merch is looking LIT <ed><U+00A0><U+00BD><ed><U+00B8><U+008D> #KPWWW https://t.co/39Z8yuqePt",FALSE,0,NA,2017-06-14 23:13:27,FALSE,NA,"875129086338662400",NA,"<a href=""http://twitter.com"" rel=""nofollow"">Twitter Web Client</a>","katyperry",299,TRUE,FALSE,NA,NA
"176","RT @Jes00sica: @katyperry #KPWWW since @carlythekatycat and @RegannEliz are out of town and @ShannonFlynn2 is in NY- this ones for you girl…",FALSE,0,NA,2017-06-14 22:51:40,FALSE,NA,"875123600713408512",NA,"<a href=""http://twitter.com"" rel=""nofollow"">Twitter Web Client</a>","katyperry",298,TRUE,FALSE,NA,NA
"177","RT @JordynRTorres: #KPWWW Polaroid project is growin @katyperry <ed><U+00A0><U+00BD><ed><U+00B2><U+0097> https://t.co/zrLaR08s1P",FALSE,0,NA,2017-06-14 22:35:24,FALSE,NA,"875119508813262848",NA,"<a href=""http://twitter.com"" rel=""nofollow"">Twitter Web Client</a>","katyperry",431,TRUE,FALSE,NA,NA
"178","RT @Krystan_Brooks: Nothing but net here at @katyperry pop up store. Great merch to WITNESS!! Come play with us #swishswish  #kpwww https:/…",FALSE,0,NA,2017-06-14 22:34:35,FALSE,NA,"875119305297350656",NA,"<a href=""http://twitter.com"" rel=""nofollow"">Twitter Web Client</a>","katyperry",469,TRUE,FALSE,NA,NA
"179","Want to #WITNESS more? The @Target edition comes w/ two bonus tracks: ""Dance With The Devil"" &amp; ""Act My Age""… https://t.co/n1tfHNI7HA",FALSE,5444,NA,2017-06-14 22:00:42,TRUE,NA,"875110775093735424",NA,"<a href=""http://twitter.com"" rel=""nofollow"">Twitter Web Client</a>","katyperry",1352,FALSE,FALSE,NA,NA
